{"Train Loss": 7.109615933165259, "Epoch": 0, "_timestamp": 1717408089.888762, "_runtime": 132.00707602500916, "_step": 1, "Validation Loss": 5.646950518498655, "_wandb": {"runtime": 151}}