{"Train Loss": 7.233669094923066, "Epoch": 0, "_timestamp": 1717413624.842655, "_runtime": 46.86107802391052, "_step": 0, "_wandb": {"runtime": 51}}