{"Train Loss": 3.0706393544266866, "Epoch": 1, "_timestamp": 1717414231.528866, "_runtime": 68.60300517082214, "_step": 3, "Validation Loss": 2.517177200317383, "_wandb": {"runtime": 67}}