{"Train Loss": 7.105995053661113, "Epoch": 0, "_timestamp": 1717406881.637663, "_runtime": 124.09036588668823, "_step": 1, "Validation Loss": 5.646949517922323, "_wandb": {"runtime": 327}}