{"Train Loss": 8.944422279916159, "Epoch": 1, "_timestamp": 1717414833.035826, "_runtime": 57.4955620765686, "_step": 3, "Validation Loss": 7.334101867675781, "_wandb": {"runtime": 57}}