{"Train Loss": 7.0013280728968175, "Epoch": 3, "_timestamp": 1717412373.2293062, "_runtime": 590.495744228363, "_step": 7, "Validation Loss": 5.741070938110352, "_wandb": {"runtime": 593}}