{"Train Loss": 7.115160696847099, "Epoch": 0, "_timestamp": 1717411198.229117, "_runtime": 133.28731489181519, "_step": 1, "Validation Loss": 5.646950393426613, "_wandb": {"runtime": 235}}