{"Train Loss": 7.095224528409997, "Epoch": 0, "_timestamp": 1717406573.6766531, "_runtime": 119.5292820930481, "_step": 1, "Validation Loss": 5.646951644147029, "_wandb": {"runtime": 151}}