{"Train Loss": 3.2852881827005525, "Epoch": 0, "_timestamp": 1717413522.8940868, "_runtime": 48.199469804763794, "_step": 0, "_wandb": {"runtime": 52}}