{"Train Loss": 13.706434662488043, "Epoch": 0, "_timestamp": 1717356999.774209, "_runtime": 25.631593942642212, "_step": 0, "_wandb": {"runtime": 26}}