{"Train Loss": 7.31173889782964, "Epoch": 1, "_timestamp": 1717405479.1593862, "_runtime": 61.31413817405701, "_step": 3, "Validation Loss": 5.7549034493868465, "_wandb": {"runtime": 66}}