{"Train Loss": 7.002975742991378, "Epoch": 1, "_timestamp": 1717414141.777438, "_runtime": 60.178369998931885, "_step": 2, "Validation Loss": 5.741064071655273, "_wandb": {"runtime": 60}}