{"Train Loss": 7.245391566578935, "Epoch": 0, "_timestamp": 1717413686.57956, "_runtime": 46.555418968200684, "_step": 0, "_wandb": {"runtime": 50}}