{"Train Loss": 7.0995256696428575, "Epoch": 0, "_timestamp": 1717405761.322979, "_runtime": 236.09790587425232, "_step": 1, "Validation Loss": 5.646953520227651, "_wandb": {"runtime": 250}}