{"Train Loss": 7.224236465081936, "Epoch": 0, "_timestamp": 1717413031.9699662, "_runtime": 47.4422562122345, "_step": 0, "_wandb": {"runtime": 53}}