{"Train Loss": NaN, "Epoch": 1, "_timestamp": 1717405304.6716878, "_runtime": 60.16965079307556, "_step": 2, "Validation Loss": NaN, "_wandb": {"runtime": 62}}